date,base,pair,rate,daily_change_pct,volatility_30d,risk_level
2026-01-27,EUR,EUR/GBP,0.86827,,,
2026-01-28,EUR,EUR/GBP,0.86858,0.0357,,low
2026-01-29,EUR,EUR/GBP,0.86717,-0.1623,,low
2026-01-30,EUR,EUR/GBP,0.86711,-0.0069,,low
2026-01-31,EUR,EUR/GBP,0.86711,0.0,,low
2026-02-01,EUR,EUR/GBP,0.86703,-0.0092,,low
2026-02-02,EUR,EUR/GBP,0.86659,-0.0507,,low
2026-02-03,EUR,EUR/GBP,0.86378,-0.3243,,low
2026-02-04,EUR,EUR/GBP,0.86271,-0.1239,,low
2026-02-05,EUR,EUR/GBP,0.86587,0.3663,,low
2026-02-06,EUR,EUR/GBP,0.86882,0.3407,,low
2026-02-07,EUR,EUR/GBP,0.86874,-0.0092,,low
2026-02-08,EUR,EUR/GBP,0.8688,0.0069,,low
2026-02-09,EUR,EUR/GBP,0.87025,0.1669,,low
2026-02-10,EUR,EUR/GBP,0.87126,0.1161,,low
2026-02-11,EUR,EUR/GBP,0.87107,-0.0218,,low
2026-02-12,EUR,EUR/GBP,0.87048,-0.0677,,low
2026-02-13,EUR,EUR/GBP,0.87153,0.1206,,low
2026-02-14,EUR,EUR/GBP,0.87154,0.0011,,low
2026-02-15,EUR,EUR/GBP,0.87155,0.0011,,low
2026-02-16,EUR,EUR/GBP,0.87029,-0.1446,,low
2026-02-17,EUR,EUR/GBP,0.87153,0.1425,,low
2026-02-18,EUR,EUR/GBP,0.87229,0.0872,,low
2026-02-19,EUR,EUR/GBP,0.87301,0.0825,,low
2026-02-20,EUR,EUR/GBP,0.8735,0.0561,,low
2026-02-21,EUR,EUR/GBP,0.8734,-0.0114,,low
2026-02-22,EUR,EUR/GBP,0.87338,-0.0023,,low
2026-02-23,EUR,EUR/GBP,0.87419,0.0927,,low
2026-02-24,EUR,EUR/GBP,0.8733,-0.1018,,low
2026-02-25,EUR,EUR/GBP,0.87222,-0.1237,,low
2026-02-26,EUR,EUR/GBP,0.87248,0.0298,2.1828,low
2026-02-27,EUR,EUR/GBP,0.87453,0.235,2.2729,low
2026-02-28,EUR,EUR/GBP,0.87501,0.0549,2.2053,low
2026-03-01,EUR,EUR/GBP,0.8751,0.0103,2.2033,low
2026-03-02,EUR,EUR/GBP,0.87567,0.0651,2.2036,low
2026-03-03,EUR,EUR/GBP,0.87367,-0.2284,2.328,low
2026-03-04,EUR,EUR/GBP,0.87091,-0.3159,2.5222,low
2026-03-05,EUR,EUR/GBP,0.87038,-0.0609,2.3202,low
2026-03-06,EUR,EUR/GBP,0.86908,-0.1494,2.3356,low
2026-03-07,EUR,EUR/GBP,0.86876,-0.0368,2.1039,low
2026-03-08,EUR,EUR/GBP,0.86867,-0.0104,1.8577,low
2026-03-09,EUR,EUR/GBP,0.8666,-0.2383,1.9816,low
2026-03-10,EUR,EUR/GBP,0.86541,-0.1373,2.0158,low
2026-03-11,EUR,EUR/GBP,0.8649,-0.0589,1.9458,low
2026-03-12,EUR,EUR/GBP,0.86364,-0.1457,1.934,low
2026-03-13,EUR,EUR/GBP,0.864,0.0417,1.9448,low
2026-03-14,EUR,EUR/GBP,0.86417,0.0197,1.9455,low
2026-03-15,EUR,EUR/GBP,0.86421,0.0046,1.8989,low
2026-03-16,EUR,EUR/GBP,0.86448,0.0312,1.9049,low
2026-03-17,EUR,EUR/GBP,0.86425,-0.0266,1.9031,low
2026-03-18,EUR,EUR/GBP,0.86443,0.0208,1.8752,low
2026-03-19,EUR,EUR/GBP,0.86433,-0.0116,1.8094,low
2026-03-20,EUR,EUR/GBP,0.86435,0.0023,1.7791,low
2026-03-21,EUR,EUR/GBP,0.86444,0.0104,1.7514,low
2026-03-22,EUR,EUR/GBP,0.86418,-0.0301,1.731,low
2026-03-23,EUR,EUR/GBP,0.865,0.0949,1.771,low
2026-03-24,EUR,EUR/GBP,0.86468,-0.037,1.7687,low
2026-03-25,EUR,EUR/GBP,0.86516,0.0555,1.7489,low
2026-03-26,EUR,EUR/GBP,0.86577,0.0705,1.7625,low
2026-03-27,EUR,EUR/GBP,0.86606,0.0335,1.7478,low
2026-03-28,EUR,EUR/GBP,0.86623,0.0196,1.7454,low
2026-03-29,EUR,EUR/GBP,0.86633,0.0115,1.5685,low
2026-03-30,EUR,EUR/GBP,0.8677,0.1581,1.6445,low
2026-03-31,EUR,EUR/GBP,0.86878,0.1245,1.6999,low
2026-04-01,EUR,EUR/GBP,0.87128,0.2878,1.9109,low
2026-04-02,EUR,EUR/GBP,0.87207,0.0907,1.8256,low
2026-04-03,EUR,EUR/GBP,0.8721,0.0034,1.5716,low
2026-04-04,EUR,EUR/GBP,0.8721,0.0,1.5594,low
2026-04-05,EUR,EUR/GBP,0.87214,0.0046,1.4878,low
2026-04-06,EUR,EUR/GBP,0.87201,-0.0149,1.4829,low
2026-04-07,EUR,EUR/GBP,0.87254,0.0608,1.4877,low
2026-04-08,EUR,EUR/GBP,0.87155,-0.1135,1.3398,low
2026-04-09,EUR,EUR/GBP,0.87103,-0.0597,1.2786,low
2026-04-10,EUR,EUR/GBP,0.87104,0.0011,1.2574,low
2026-04-11,EUR,EUR/GBP,0.87102,-0.0023,1.1541,low
2026-04-12,EUR,EUR/GBP,0.87103,0.0011,1.156,low
2026-04-13,EUR,EUR/GBP,0.8711,0.008,1.1571,low
2026-04-14,EUR,EUR/GBP,0.87059,-0.0585,1.1818,low
2026-04-15,EUR,EUR/GBP,0.86986,-0.0839,1.2225,low
2026-04-16,EUR,EUR/GBP,0.87038,0.0598,1.2191,low
2026-04-17,EUR,EUR/GBP,0.87093,0.0632,1.2244,low
2026-04-18,EUR,EUR/GBP,0.87107,0.0161,1.2199,low
2026-04-19,EUR,EUR/GBP,0.87111,0.0046,1.2195,low
2026-04-20,EUR,EUR/GBP,0.87099,-0.0138,1.2242,low
2026-04-21,EUR,EUR/GBP,0.87115,0.0184,1.2132,low
2026-04-22,EUR,EUR/GBP,0.8697,-0.1664,1.3176,low
2026-04-23,EUR,EUR/GBP,0.86805,-0.1897,1.4416,low
2026-04-24,EUR,EUR/GBP,0.86759,-0.053,1.4481,low
2026-04-25,EUR,EUR/GBP,0.8677,0.0127,1.4365,low
2026-04-26,EUR,EUR/GBP,0.86776,0.0069,1.4344,low
2026-04-27,EUR,EUR/GBP,0.86692,-0.0968,1.4646,low
2026-04-28,EUR,EUR/GBP,0.86672,-0.0231,1.4662,low
2026-04-29,EUR,EUR/GBP,0.86687,0.0173,1.3904,low
2026-04-30,EUR,EUR/GBP,0.8666,-0.0311,1.3384,low
2026-05-01,EUR,EUR/GBP,0.86579,-0.0935,1.0248,low
2026-05-02,EUR,EUR/GBP,0.86564,-0.0173,0.9687,low
2026-05-03,EUR,EUR/GBP,0.86554,-0.0116,0.9659,low
2026-05-04,EUR,EUR/GBP,0.86484,-0.0809,0.976,low
2026-05-05,EUR,EUR/GBP,0.86454,-0.0347,0.9713,low
2026-05-06,EUR,EUR/GBP,0.8637,-0.0972,0.9899,low
2026-05-07,EUR,EUR/GBP,0.8643,0.0695,0.9973,low
2026-05-08,EUR,EUR/GBP,0.86473,0.0498,0.993,low
2026-05-09,EUR,EUR/GBP,0.86475,0.0023,0.9911,low
2026-05-10,EUR,EUR/GBP,0.86478,0.0035,0.9917,low
2026-05-11,EUR,EUR/GBP,0.86558,0.0925,1.0463,low
2026-05-12,EUR,EUR/GBP,0.86679,0.1398,1.1442,low
2026-05-13,EUR,EUR/GBP,0.86657,-0.0254,1.1421,low
2026-05-14,EUR,EUR/GBP,0.86671,0.0162,1.1393,low
2026-05-15,EUR,EUR/GBP,0.86959,0.3323,1.5012,low
2026-05-16,EUR,EUR/GBP,0.8699,0.0356,1.4943,low
2026-05-17,EUR,EUR/GBP,0.87016,0.0299,1.4848,low
2026-05-18,EUR,EUR/GBP,0.87086,0.0804,1.5035,low
2026-05-19,EUR,EUR/GBP,0.8681,-0.3169,1.7604,low
2026-05-20,EUR,EUR/GBP,0.86627,-0.2108,1.8528,low
2026-05-21,EUR,EUR/GBP,0.86511,-0.1339,1.8792,low
2026-05-22,EUR,EUR/GBP,0.86487,-0.0277,1.8296,low
2026-05-23,EUR,EUR/GBP,0.86481,-0.0069,1.7562,low
2026-05-24,EUR,EUR/GBP,0.86479,-0.0023,1.7522,low
2026-05-25,EUR,EUR/GBP,0.864,-0.0914,1.766,low
2026-05-26,EUR,EUR/GBP,0.864,0.0,1.7654,low
2026-05-27,EUR,EUR/GBP,0.86441,0.0475,1.7564,low
2026-05-28,EUR,EUR/GBP,0.86578,0.1585,1.8219,low
2026-05-29,EUR,EUR/GBP,0.86679,0.1167,1.8543,low
2026-05-30,EUR,EUR/GBP,0.86703,0.0277,1.8536,low
2026-05-31,EUR,EUR/GBP,0.86711,0.0092,1.8315,low
2026-06-01,EUR,EUR/GBP,0.86655,-0.0646,1.8417,low
2026-06-02,EUR,EUR/GBP,0.8653,-0.1443,1.8907,low
2026-06-03,EUR,EUR/GBP,0.86479,-0.0589,1.8836,low
2026-06-04,EUR,EUR/GBP,0.86464,-0.0173,1.8815,low
2026-06-05,EUR,EUR/GBP,0.8646,-0.0046,1.8588,low
2026-01-27,EUR,EUR/TND,3.3923,,,
2026-01-28,EUR,EUR/TND,3.3995,0.2122,,low
2026-01-29,EUR,EUR/TND,3.399,-0.0147,,low
2026-01-30,EUR,EUR/TND,3.3966,-0.0706,,low
2026-02-02,EUR,EUR/TND,3.3875,-0.2679,,low
2026-02-03,EUR,EUR/TND,3.3855,-0.059,,low
2026-02-04,EUR,EUR/TND,3.3871,0.0473,,low
2026-02-05,EUR,EUR/TND,3.3869,-0.0059,,low
2026-02-06,EUR,EUR/TND,3.3873,0.0118,,low
2026-02-09,EUR,EUR/TND,3.3927,0.1594,,low
2026-02-10,EUR,EUR/TND,3.3978,0.1503,,low
2026-02-11,EUR,EUR/TND,3.3935,-0.1266,,low
2026-02-12,EUR,EUR/TND,3.3892,-0.1267,,low
2026-02-13,EUR,EUR/TND,3.3933,0.121,,low
2026-02-16,EUR,EUR/TND,3.3912,-0.0619,,low
2026-02-17,EUR,EUR/TND,3.3908,-0.0118,,low
2026-02-18,EUR,EUR/TND,3.3915,0.0206,,low
2026-02-19,EUR,EUR/TND,3.3858,-0.1681,,low
2026-02-20,EUR,EUR/TND,3.3878,0.0591,,low
2026-02-23,EUR,EUR/TND,3.3912,0.1004,,low
2026-02-24,EUR,EUR/TND,3.3887,-0.0737,,low
2026-02-25,EUR,EUR/TND,3.3892,0.0148,,low
2026-02-26,EUR,EUR/TND,3.395,0.1711,,low
2026-02-27,EUR,EUR/TND,3.39,-0.1473,,low
2026-03-02,EUR,EUR/TND,3.3876,-0.0708,,low
2026-03-03,EUR,EUR/TND,3.3853,-0.0679,,low
2026-03-04,EUR,EUR/TND,3.3842,-0.0325,,low
2026-03-05,EUR,EUR/TND,3.3841,-0.003,,low
2026-03-06,EUR,EUR/TND,3.3877,0.1064,,low
2026-03-09,EUR,EUR/TND,3.3864,-0.0384,,low
2026-03-10,EUR,EUR/TND,3.397,0.313,1.9692,low
2026-03-11,EUR,EUR/TND,3.3977,0.0206,1.8695,low
2026-03-12,EUR,EUR/TND,3.3908,-0.2031,1.9585,low
2026-03-13,EUR,EUR/TND,3.3899,-0.0265,1.9504,low
2026-03-16,EUR,EUR/TND,3.3824,-0.2212,1.9001,low
2026-03-17,EUR,EUR/TND,3.3891,0.1981,1.9809,low
2026-03-18,EUR,EUR/TND,3.3827,-0.1888,2.0526,low
2026-03-19,EUR,EUR/TND,3.3834,0.0207,2.0539,low
2026-03-20,EUR,EUR/TND,3.3873,0.1153,2.0822,low
2026-03-23,EUR,EUR/TND,3.3919,0.1358,2.0676,low
2026-03-24,EUR,EUR/TND,3.3923,0.0118,2.0181,low
2026-03-25,EUR,EUR/TND,3.3855,-0.2005,2.0674,low
2026-03-26,EUR,EUR/TND,3.3828,-0.0798,2.0484,low
2026-03-27,EUR,EUR/TND,3.3828,0.0,2.0128,low
2026-03-30,EUR,EUR/TND,3.3813,-0.0443,2.0095,low
2026-03-31,EUR,EUR/TND,3.3826,0.0384,2.0143,low
2026-04-01,EUR,EUR/TND,3.3904,0.2306,2.1289,low
2026-04-02,EUR,EUR/TND,3.3909,0.0147,2.0693,low
2026-04-03,EUR,EUR/TND,3.3878,-0.0914,2.0811,low
2026-04-06,EUR,EUR/TND,3.3863,-0.0443,2.0627,low
2026-04-07,EUR,EUR/TND,3.3901,0.1122,2.079,low
2026-04-08,EUR,EUR/TND,3.3989,0.2596,2.2096,low
2026-04-09,EUR,EUR/TND,3.3948,-0.1206,2.1859,low
2026-04-10,EUR,EUR/TND,3.395,0.0059,2.1409,low
2026-04-13,EUR,EUR/TND,3.399,0.1178,2.1527,low
2026-04-14,EUR,EUR/TND,3.408,0.2648,2.2596,low
2026-04-15,EUR,EUR/TND,3.4024,-0.1643,2.3189,low
2026-04-16,EUR,EUR/TND,3.4047,0.0676,2.3224,low
2026-04-17,EUR,EUR/TND,3.4023,-0.0705,2.322,low
2026-04-20,EUR,EUR/TND,3.399,-0.097,2.3398,low
2026-04-21,EUR,EUR/TND,3.4,0.0294,2.1608,low
2026-04-22,EUR,EUR/TND,3.3892,-0.3176,2.3508,low
2026-04-23,EUR,EUR/TND,3.3885,-0.0207,2.2778,low
2026-04-24,EUR,EUR/TND,3.3849,-0.1062,2.2968,low
2026-04-27,EUR,EUR/TND,3.3909,0.1773,2.2607,low
2026-04-28,EUR,EUR/TND,3.3878,-0.0914,2.2047,low
2026-04-29,EUR,EUR/TND,3.3853,-0.0738,2.144,low
2026-04-30,EUR,EUR/TND,3.3845,-0.0236,2.1446,low
2026-05-01,EUR,EUR/TND,3.3856,0.0325,2.1196,low
2026-05-04,EUR,EUR/TND,3.3829,-0.0797,2.09,low
2026-05-05,EUR,EUR/TND,3.3848,0.0562,2.0978,low
2026-05-06,EUR,EUR/TND,3.388,0.0945,2.035,low
2026-05-07,EUR,EUR/TND,3.3877,-0.0089,2.0204,low
2026-05-08,EUR,EUR/TND,3.3874,-0.0089,2.0207,low
2026-05-11,EUR,EUR/TND,3.3888,0.0413,2.0179,low
2026-05-12,EUR,EUR/TND,3.3891,0.0089,2.0158,low
2026-05-13,EUR,EUR/TND,3.3877,-0.0413,1.9041,low
2026-05-14,EUR,EUR/TND,3.3867,-0.0295,1.9049,low
2026-05-15,EUR,EUR/TND,3.3847,-0.0591,1.8943,low
2026-05-18,EUR,EUR/TND,3.3845,-0.0059,1.8903,low
2026-05-19,EUR,EUR/TND,3.378,-0.1921,1.9361,low
2026-05-20,EUR,EUR/TND,3.3777,-0.0089,1.7571,low
2026-05-21,EUR,EUR/TND,3.3787,0.0296,1.7368,low
2026-05-22,EUR,EUR/TND,3.3803,0.0474,1.7454,low
2026-05-25,EUR,EUR/TND,3.3793,-0.0296,1.7001,low
2026-05-26,EUR,EUR/TND,3.3806,0.0385,1.4843,low
2026-05-27,EUR,EUR/TND,3.3773,-0.0976,1.4426,low
2026-05-28,EUR,EUR/TND,3.376,-0.0385,1.4162,low
2026-05-29,EUR,EUR/TND,3.3812,0.154,1.5046,low
2026-06-01,EUR,EUR/TND,3.3814,0.0059,1.4888,low
2026-06-02,EUR,EUR/TND,3.3878,0.1893,1.6003,low
2026-06-03,EUR,EUR/TND,3.3856,-0.0649,1.3247,low
2026-06-04,EUR,EUR/TND,3.3844,-0.0354,1.327,low
2026-06-05,EUR,EUR/TND,3.3844,0.0,1.2912,low
2026-01-27,EUR,EUR/USD,1.1886,,,
2026-01-28,EUR,EUR/USD,1.1959,0.6142,,medium
2026-01-29,EUR,EUR/USD,1.1969,0.0836,,low
2026-01-30,EUR,EUR/USD,1.1935,-0.2841,,low
2026-01-31,EUR,EUR/USD,1.193,-0.0419,,low
2026-02-01,EUR,EUR/USD,1.1928,-0.0168,,low
2026-02-02,EUR,EUR/USD,1.1872,-0.4695,,low
2026-02-03,EUR,EUR/USD,1.1822,-0.4212,,low
2026-02-04,EUR,EUR/USD,1.1816,-0.0508,,low
2026-02-05,EUR,EUR/USD,1.1805,-0.0931,,low
2026-02-06,EUR,EUR/USD,1.1802,-0.0254,,low
2026-02-07,EUR,EUR/USD,1.1803,0.0085,,low
2026-02-08,EUR,EUR/USD,1.1803,0.0,,low
2026-02-09,EUR,EUR/USD,1.1847,0.3728,,low
2026-02-10,EUR,EUR/USD,1.1898,0.4305,,low
2026-02-11,EUR,EUR/USD,1.1907,0.0756,,low
2026-02-12,EUR,EUR/USD,1.1883,-0.2016,,low
2026-02-13,EUR,EUR/USD,1.1873,-0.0842,,low
2026-02-14,EUR,EUR/USD,1.1874,0.0084,,low
2026-02-15,EUR,EUR/USD,1.1873,-0.0084,,low
2026-02-16,EUR,EUR/USD,1.1861,-0.1011,,low
2026-02-17,EUR,EUR/USD,1.1854,-0.059,,low
2026-02-18,EUR,EUR/USD,1.1843,-0.0928,,low
2026-02-19,EUR,EUR/USD,1.18,-0.3631,,low
2026-02-20,EUR,EUR/USD,1.1775,-0.2119,,low
2026-02-21,EUR,EUR/USD,1.1775,0.0,,low
2026-02-22,EUR,EUR/USD,1.1775,0.0,,low
2026-02-23,EUR,EUR/USD,1.1803,0.2378,,low
2026-02-24,EUR,EUR/USD,1.1783,-0.1694,,low
2026-02-25,EUR,EUR/USD,1.1787,0.0339,,low
2026-02-26,EUR,EUR/USD,1.181,0.1951,3.6875,low
2026-02-27,EUR,EUR/USD,1.1805,-0.0423,3.1574,low
2026-02-28,EUR,EUR/USD,1.1805,0.0,3.1375,low
2026-03-01,EUR,EUR/USD,1.1805,0.0,3.057,low
2026-03-02,EUR,EUR/USD,1.1754,-0.432,3.2652,low
2026-03-03,EUR,EUR/USD,1.1672,-0.6976,3.7643,medium
2026-03-04,EUR,EUR/USD,1.1627,-0.3855,3.6944,low
2026-03-05,EUR,EUR/USD,1.1624,-0.0258,3.5417,low
2026-03-06,EUR,EUR/USD,1.1604,-0.1721,3.5575,low
2026-03-07,EUR,EUR/USD,1.16,-0.0345,3.5568,low
2026-03-08,EUR,EUR/USD,1.16,0.0,3.5596,low
2026-03-09,EUR,EUR/USD,1.1571,-0.25,3.5968,low
2026-03-10,EUR,EUR/USD,1.1621,0.4321,3.873,low
2026-03-11,EUR,EUR/USD,1.1624,0.0258,3.6678,low
2026-03-12,EUR,EUR/USD,1.1574,-0.4301,3.506,low
2026-03-13,EUR,EUR/USD,1.1516,-0.5011,3.6617,medium
2026-03-14,EUR,EUR/USD,1.1509,-0.0608,3.6542,low
2026-03-15,EUR,EUR/USD,1.1504,-0.0434,3.6582,low
2026-03-16,EUR,EUR/USD,1.1475,-0.2521,3.666,low
2026-03-17,EUR,EUR/USD,1.151,0.305,3.852,low
2026-03-18,EUR,EUR/USD,1.1529,0.1651,3.9297,low
2026-03-19,EUR,EUR/USD,1.1504,-0.2168,3.944,low
2026-03-20,EUR,EUR/USD,1.1536,0.2782,4.0932,low
2026-03-21,EUR,EUR/USD,1.1541,0.0433,4.0241,low
2026-03-22,EUR,EUR/USD,1.1542,0.0087,4.009,low
2026-03-23,EUR,EUR/USD,1.1552,0.0866,4.0292,low
2026-03-24,EUR,EUR/USD,1.1581,0.251,4.128,low
2026-03-25,EUR,EUR/USD,1.1594,0.1123,4.0662,low
2026-03-26,EUR,EUR/USD,1.1574,-0.1725,4.0669,low
2026-03-27,EUR,EUR/USD,1.1544,-0.2592,4.0972,low
2026-03-28,EUR,EUR/USD,1.1542,-0.0173,4.0237,low
2026-03-29,EUR,EUR/USD,1.154,-0.0173,4.0262,low
2026-03-30,EUR,EUR/USD,1.1507,-0.286,4.0649,low
2026-03-31,EUR,EUR/USD,1.149,-0.1477,4.0606,low
2026-04-01,EUR,EUR/USD,1.1566,0.6614,4.4753,medium
2026-04-02,EUR,EUR/USD,1.157,0.0346,4.0414,low
2026-04-03,EUR,EUR/USD,1.1556,-0.121,3.9092,low
2026-04-04,EUR,EUR/USD,1.1558,0.0173,3.9106,low
2026-04-05,EUR,EUR/USD,1.1556,-0.0173,3.8835,low
2026-04-06,EUR,EUR/USD,1.1551,-0.0433,3.884,low
2026-04-07,EUR,EUR/USD,1.1568,0.1472,3.9119,low
2026-04-08,EUR,EUR/USD,1.1651,0.7175,4.3717,medium
2026-04-09,EUR,EUR/USD,1.1684,0.2832,4.2709,low
2026-04-10,EUR,EUR/USD,1.1698,0.1198,4.281,low
2026-04-11,EUR,EUR/USD,1.1699,0.0085,4.062,low
2026-04-12,EUR,EUR/USD,1.17,0.0085,3.7314,low
2026-04-13,EUR,EUR/USD,1.1702,0.0171,3.7176,low
2026-04-14,EUR,EUR/USD,1.1763,0.5213,3.9403,medium
2026-04-15,EUR,EUR/USD,1.179,0.2295,3.8394,low
2026-04-16,EUR,EUR/USD,1.1791,0.0085,3.7913,low
2026-04-17,EUR,EUR/USD,1.1784,-0.0594,3.8037,low
2026-04-18,EUR,EUR/USD,1.1785,0.0085,3.7093,low
2026-04-19,EUR,EUR/USD,1.1785,0.0,3.668,low
2026-04-20,EUR,EUR/USD,1.1774,-0.0933,3.6984,low
2026-04-21,EUR,EUR/USD,1.1778,0.034,3.6957,low
2026-04-22,EUR,EUR/USD,1.1753,-0.2123,3.7829,low
2026-04-23,EUR,EUR/USD,1.1722,-0.2638,3.8481,low
2026-04-24,EUR,EUR/USD,1.1702,-0.1706,3.8895,low
2026-04-25,EUR,EUR/USD,1.1704,0.0171,3.8417,low
2026-04-26,EUR,EUR/USD,1.1705,0.0085,3.739,low
2026-04-27,EUR,EUR/USD,1.1734,0.2478,3.7785,low
2026-04-28,EUR,EUR/USD,1.1716,-0.1534,3.8215,low
2026-04-29,EUR,EUR/USD,1.1705,-0.0939,3.7135,low
2026-04-30,EUR,EUR/USD,1.1704,-0.0085,3.6684,low
2026-05-01,EUR,EUR/USD,1.1705,0.0085,3.1991,low
2026-05-02,EUR,EUR/USD,1.1707,0.0171,3.1997,low
2026-05-03,EUR,EUR/USD,1.1708,0.0085,3.1651,low
2026-05-04,EUR,EUR/USD,1.1725,0.1452,3.1775,low
2026-05-05,EUR,EUR/USD,1.1707,-0.1535,3.226,low
2026-05-06,EUR,EUR/USD,1.1736,0.2477,3.2679,low
2026-05-07,EUR,EUR/USD,1.1766,0.2556,3.3099,low
2026-05-08,EUR,EUR/USD,1.1766,0.0,2.6535,low
2026-05-09,EUR,EUR/USD,1.1767,0.0085,2.5455,low
2026-05-10,EUR,EUR/USD,1.1767,0.0,2.5298,low
2026-05-11,EUR,EUR/USD,1.1772,0.0425,2.5305,low
2026-05-12,EUR,EUR/USD,1.1758,-0.1189,2.5626,low
2026-05-13,EUR,EUR/USD,1.1731,-0.2296,2.6601,low
2026-05-14,EUR,EUR/USD,1.1713,-0.1534,2.2103,low
2026-05-15,EUR,EUR/USD,1.1667,-0.3927,2.3459,low
2026-05-16,EUR,EUR/USD,1.1662,-0.0429,2.3424,low
2026-05-17,EUR,EUR/USD,1.1657,-0.0429,2.3415,low
2026-05-18,EUR,EUR/USD,1.1643,-0.1201,2.3499,low
2026-05-19,EUR,EUR/USD,1.1634,-0.0773,2.349,low
2026-05-20,EUR,EUR/USD,1.1614,-0.1719,2.3746,low
2026-05-21,EUR,EUR/USD,1.1613,-0.0086,2.3654,low
2026-05-22,EUR,EUR/USD,1.162,0.0603,2.3315,low
2026-05-23,EUR,EUR/USD,1.162,0.0,2.2326,low
2026-05-24,EUR,EUR/USD,1.1619,-0.0086,2.1923,low
2026-05-25,EUR,EUR/USD,1.1635,0.1377,2.2391,low
2026-05-26,EUR,EUR/USD,1.165,0.1289,2.2791,low
2026-05-27,EUR,EUR/USD,1.1641,-0.0773,2.1434,low
2026-05-28,EUR,EUR/USD,1.1638,-0.0258,2.1093,low
2026-05-29,EUR,EUR/USD,1.1652,0.1203,2.1372,low
2026-05-30,EUR,EUR/USD,1.1656,0.0343,2.1419,low
2026-05-31,EUR,EUR/USD,1.1654,-0.0172,2.1409,low
2026-06-01,EUR,EUR/USD,1.1655,0.0086,2.14,low
2026-06-02,EUR,EUR/USD,1.1653,-0.0172,2.1388,low
2026-06-03,EUR,EUR/USD,1.1635,-0.1545,2.1193,low
2026-06-04,EUR,EUR/USD,1.1629,-0.0516,2.0862,low
2026-06-05,EUR,EUR/USD,1.1628,-0.0086,1.924,low
2026-01-27,GBP,GBP/USD,1.3689,,,
2026-01-28,GBP,GBP/USD,1.3769,0.5844,,medium
2026-01-29,GBP,GBP/USD,1.3803,0.2469,,low
2026-01-30,GBP,GBP/USD,1.3764,-0.2825,,low
2026-01-31,GBP,GBP/USD,1.3759,-0.0363,,low
2026-02-01,GBP,GBP/USD,1.3758,-0.0073,,low
2026-02-02,GBP,GBP/USD,1.3699,-0.4288,,low
2026-02-03,GBP,GBP/USD,1.3686,-0.0949,,low
2026-02-04,GBP,GBP/USD,1.3696,0.0731,,low
2026-02-05,GBP,GBP/USD,1.3634,-0.4527,,low
2026-02-06,GBP,GBP/USD,1.3584,-0.3667,,low
2026-02-07,GBP,GBP/USD,1.3587,0.0221,,low
2026-02-08,GBP,GBP/USD,1.3585,-0.0147,,low
2026-02-09,GBP,GBP/USD,1.3613,0.2061,,low
2026-02-10,GBP,GBP/USD,1.3656,0.3159,,low
2026-02-11,GBP,GBP/USD,1.3669,0.0952,,low
2026-02-12,GBP,GBP/USD,1.3651,-0.1317,,low
2026-02-13,GBP,GBP/USD,1.3623,-0.2051,,low
2026-02-14,GBP,GBP/USD,1.3624,0.0073,,low
2026-02-15,GBP,GBP/USD,1.3623,-0.0073,,low
2026-02-16,GBP,GBP/USD,1.3629,0.044,,low
2026-02-17,GBP,GBP/USD,1.3602,-0.1981,,low
2026-02-18,GBP,GBP/USD,1.3577,-0.1838,,low
2026-02-19,GBP,GBP/USD,1.3516,-0.4493,,low
2026-02-20,GBP,GBP/USD,1.348,-0.2664,,low
2026-02-21,GBP,GBP/USD,1.3482,0.0148,,low
2026-02-22,GBP,GBP/USD,1.3482,0.0,,low
2026-02-23,GBP,GBP/USD,1.3502,0.1483,,low
2026-02-24,GBP,GBP/USD,1.3493,-0.0667,,low
2026-02-25,GBP,GBP/USD,1.3514,0.1556,,low
2026-02-26,GBP,GBP/USD,1.3536,0.1628,3.7479,low
2026-02-27,GBP,GBP/USD,1.3499,-0.2733,3.3107,low
2026-02-28,GBP,GBP/USD,1.3491,-0.0593,3.1756,low
2026-03-01,GBP,GBP/USD,1.349,-0.0074,3.1197,low
2026-03-02,GBP,GBP/USD,1.3423,-0.4967,3.357,low
2026-03-03,GBP,GBP/USD,1.336,-0.4693,3.53,low
2026-03-04,GBP,GBP/USD,1.335,-0.0749,3.3876,low
2026-03-05,GBP,GBP/USD,1.3355,0.0375,3.4062,low
2026-03-06,GBP,GBP/USD,1.3353,-0.015,3.3809,low
2026-03-07,GBP,GBP/USD,1.3353,0.0,3.2021,low
2026-03-08,GBP,GBP/USD,1.3354,0.0075,3.0814,low
2026-03-09,GBP,GBP/USD,1.3352,-0.015,3.075,low
2026-03-10,GBP,GBP/USD,1.3429,0.5767,3.5831,medium
2026-03-11,GBP,GBP/USD,1.344,0.0819,3.5271,low
2026-03-12,GBP,GBP/USD,1.3402,-0.2827,3.4239,low
2026-03-13,GBP,GBP/USD,1.3329,-0.5447,3.6621,medium
2026-03-14,GBP,GBP/USD,1.3318,-0.0825,3.6592,low
2026-03-15,GBP,GBP/USD,1.3312,-0.0451,3.6418,low
2026-03-16,GBP,GBP/USD,1.3274,-0.2855,3.6818,low
2026-03-17,GBP,GBP/USD,1.3318,0.3315,3.8711,low
2026-03-18,GBP,GBP/USD,1.3337,0.1427,3.9079,low
2026-03-19,GBP,GBP/USD,1.331,-0.2024,3.9092,low
2026-03-20,GBP,GBP/USD,1.3346,0.2705,4.0166,low
2026-03-21,GBP,GBP/USD,1.3351,0.0375,3.8475,low
2026-03-22,GBP,GBP/USD,1.3356,0.0375,3.793,low
2026-03-23,GBP,GBP/USD,1.3355,-0.0075,3.7912,low
2026-03-24,GBP,GBP/USD,1.3394,0.292,3.9049,low
2026-03-25,GBP,GBP/USD,1.3401,0.0523,3.8785,low
2026-03-26,GBP,GBP/USD,1.3368,-0.2463,3.9299,low
2026-03-27,GBP,GBP/USD,1.333,-0.2843,3.9554,low
2026-03-28,GBP,GBP/USD,1.3324,-0.045,3.9059,low
2026-03-29,GBP,GBP/USD,1.3321,-0.0225,3.8499,low
2026-03-30,GBP,GBP/USD,1.3261,-0.4504,4.0262,low
2026-03-31,GBP,GBP/USD,1.3226,-0.2639,4.0672,low
2026-04-01,GBP,GBP/USD,1.3275,0.3705,4.0449,low
2026-04-02,GBP,GBP/USD,1.3268,-0.0527,3.8323,low
2026-04-03,GBP,GBP/USD,1.325,-0.1357,3.8435,low
2026-04-04,GBP,GBP/USD,1.3253,0.0226,3.8416,low
2026-04-05,GBP,GBP/USD,1.325,-0.0226,3.8415,low
2026-04-06,GBP,GBP/USD,1.3247,-0.0226,3.8408,low
2026-04-07,GBP,GBP/USD,1.3258,0.083,3.8528,low
2026-04-08,GBP,GBP/USD,1.3368,0.8297,4.5789,medium
2026-04-09,GBP,GBP/USD,1.3414,0.3441,4.3711,low
2026-04-10,GBP,GBP/USD,1.343,0.1193,4.3788,low
2026-04-11,GBP,GBP/USD,1.3432,0.0149,4.2973,low
2026-04-12,GBP,GBP/USD,1.3432,0.0,3.9659,low
2026-04-13,GBP,GBP/USD,1.3434,0.0149,3.9528,low
2026-04-14,GBP,GBP/USD,1.3511,0.5732,4.2471,medium
2026-04-15,GBP,GBP/USD,1.3554,0.3183,4.193,low
2026-04-16,GBP,GBP/USD,1.3547,-0.0516,4.1319,low
2026-04-17,GBP,GBP/USD,1.3531,-0.1181,4.1541,low
2026-04-18,GBP,GBP/USD,1.3529,-0.0148,4.0907,low
2026-04-19,GBP,GBP/USD,1.3529,0.0,4.0416,low
2026-04-20,GBP,GBP/USD,1.3518,-0.0813,4.0583,low
2026-04-21,GBP,GBP/USD,1.352,0.0148,4.059,low
2026-04-22,GBP,GBP/USD,1.3514,-0.0444,4.0643,low
2026-04-23,GBP,GBP/USD,1.3503,-0.0814,4.0066,low
2026-04-24,GBP,GBP/USD,1.3488,-0.1111,4.0257,low
2026-04-25,GBP,GBP/USD,1.3489,0.0074,3.9452,low
2026-04-26,GBP,GBP/USD,1.3489,0.0,3.8326,low
2026-04-27,GBP,GBP/USD,1.3535,0.341,3.9206,low
2026-04-28,GBP,GBP/USD,1.3518,-0.1256,3.9491,low
2026-04-29,GBP,GBP/USD,1.3502,-0.1184,3.693,low
2026-04-30,GBP,GBP/USD,1.3505,0.0222,3.5656,low
2026-05-01,GBP,GBP/USD,1.3519,0.1037,3.4522,low
2026-05-02,GBP,GBP/USD,1.3525,0.0444,3.4358,low
2026-05-03,GBP,GBP/USD,1.3527,0.0148,3.3871,low
2026-05-04,GBP,GBP/USD,1.3558,0.2292,3.4152,low
2026-05-05,GBP,GBP/USD,1.3542,-0.118,3.4502,low
2026-05-06,GBP,GBP/USD,1.3588,0.3397,3.522,low
2026-05-07,GBP,GBP/USD,1.3613,0.184,3.5337,low
2026-05-08,GBP,GBP/USD,1.3606,-0.0514,2.767,low
2026-05-09,GBP,GBP/USD,1.3607,0.0073,2.6344,low
2026-05-10,GBP,GBP/USD,1.3607,0.0,2.629,low
2026-05-11,GBP,GBP/USD,1.36,-0.0514,2.6423,low
2026-05-12,GBP,GBP/USD,1.3565,-0.2574,2.7792,low
2026-05-13,GBP,GBP/USD,1.3538,-0.199,2.8593,low
2026-05-14,GBP,GBP/USD,1.3514,-0.1773,2.4017,low
2026-05-15,GBP,GBP/USD,1.3417,-0.7178,3.0115,medium
2026-05-16,GBP,GBP/USD,1.3406,-0.082,3.0144,low
2026-05-17,GBP,GBP/USD,1.3396,-0.0746,3.0066,low
2026-05-18,GBP,GBP/USD,1.337,-0.1941,3.0417,low
2026-05-19,GBP,GBP/USD,1.3402,0.2393,3.1458,low
2026-05-20,GBP,GBP/USD,1.3407,0.0373,3.1482,low
2026-05-21,GBP,GBP/USD,1.3424,0.1268,3.1778,low
2026-05-22,GBP,GBP/USD,1.3436,0.0894,3.1938,low
2026-05-23,GBP,GBP/USD,1.3436,0.0,3.1887,low
2026-05-24,GBP,GBP/USD,1.3436,0.0,3.1763,low
2026-05-25,GBP,GBP/USD,1.3467,0.2307,3.2535,low
2026-05-26,GBP,GBP/USD,1.3483,0.1188,3.2734,low
2026-05-27,GBP,GBP/USD,1.3467,-0.1187,3.1234,low
2026-05-28,GBP,GBP/USD,1.3442,-0.1856,3.1463,low
2026-05-29,GBP,GBP/USD,1.3443,0.0074,3.1327,low
2026-05-30,GBP,GBP/USD,1.3443,0.0,3.1312,low
2026-05-31,GBP,GBP/USD,1.344,-0.0223,3.1108,low
2026-06-01,GBP,GBP/USD,1.345,0.0744,3.1174,low
2026-06-02,GBP,GBP/USD,1.3467,0.1264,3.1443,low
2026-06-03,GBP,GBP/USD,1.3455,-0.0891,3.0642,low
2026-06-04,GBP,GBP/USD,1.3449,-0.0446,3.0522,low
2026-06-05,GBP,GBP/USD,1.3449,0.0,2.854,low
2026-01-27,USD,USD/TND,2.85403,,,
2026-01-28,USD,USD/TND,2.842629,-0.3995,,low
2026-01-29,USD,USD/TND,2.839836,-0.0983,,low
2026-01-30,USD,USD/TND,2.845915,0.2141,,low
2026-02-02,USD,USD/TND,2.853352,0.2613,,low
2026-02-03,USD,USD/TND,2.863729,0.3637,,low
2026-02-04,USD,USD/TND,2.866537,0.0981,,low
2026-02-05,USD,USD/TND,2.869039,0.0873,,low
2026-02-06,USD,USD/TND,2.870107,0.0372,,low
2026-02-09,USD,USD/TND,2.863763,-0.221,,low
2026-02-10,USD,USD/TND,2.855774,-0.279,,low
2026-02-11,USD,USD/TND,2.850004,-0.202,,low
2026-02-12,USD,USD/TND,2.852142,0.075,,low
2026-02-13,USD,USD/TND,2.857997,0.2053,,low
2026-02-16,USD,USD/TND,2.859118,0.0392,,low
2026-02-17,USD,USD/TND,2.860469,0.0473,,low
2026-02-18,USD,USD/TND,2.863717,0.1135,,low
2026-02-19,USD,USD/TND,2.869322,0.1957,,low
2026-02-20,USD,USD/TND,2.877113,0.2715,,low
2026-02-23,USD,USD/TND,2.873168,-0.1371,,low
2026-02-24,USD,USD/TND,2.875923,0.0959,,low
2026-02-25,USD,USD/TND,2.875371,-0.0192,,low
2026-02-26,USD,USD/TND,2.874682,-0.024,,low
2026-02-27,USD,USD/TND,2.871665,-0.105,,low
2026-03-02,USD,USD/TND,2.882083,0.3628,,low
2026-03-03,USD,USD/TND,2.90036,0.6342,,medium
2026-03-04,USD,USD/TND,2.910639,0.3544,,low
2026-03-05,USD,USD/TND,2.911304,0.0228,,low
2026-03-06,USD,USD/TND,2.919424,0.2789,,low
2026-03-09,USD,USD/TND,2.926627,0.2467,,low
2026-03-10,USD,USD/TND,2.923156,-0.1186,3.5357,low
2026-03-11,USD,USD/TND,2.923004,-0.0052,3.2436,low
2026-03-12,USD,USD/TND,2.92967,0.2281,3.214,low
2026-03-13,USD,USD/TND,2.943644,0.477,3.3783,low
2026-03-16,USD,USD/TND,2.947625,0.1352,3.3498,low
2026-03-17,USD,USD/TND,2.944483,-0.1066,3.3158,low
2026-03-18,USD,USD/TND,2.934079,-0.3533,3.5589,low
2026-03-19,USD,USD/TND,2.941064,0.2381,3.5891,low
2026-03-20,USD,USD/TND,2.936286,-0.1625,3.6572,low
2026-03-23,USD,USD/TND,2.936202,-0.0029,3.5564,low
2026-03-24,USD,USD/TND,2.929194,-0.2387,3.5224,low
2026-03-25,USD,USD/TND,2.920045,-0.3123,3.6138,low
2026-03-26,USD,USD/TND,2.922758,0.0929,3.6139,low
2026-03-27,USD,USD/TND,2.930353,0.2599,3.6335,low
2026-03-30,USD,USD/TND,2.938472,0.2771,3.6735,low
2026-03-31,USD,USD/TND,2.943951,0.1865,3.681,low
2026-04-01,USD,USD/TND,2.931351,-0.428,3.9812,low
2026-04-02,USD,USD/TND,2.930769,-0.0199,3.975,low
2026-04-03,USD,USD/TND,2.931637,0.0296,3.9305,low
2026-04-06,USD,USD/TND,2.931608,-0.001,3.8899,low
2026-04-07,USD,USD/TND,2.930584,-0.0349,3.9,low
2026-04-08,USD,USD/TND,2.91726,-0.4547,4.1745,low
2026-04-09,USD,USD/TND,2.905512,-0.4027,4.3713,low
2026-04-10,USD,USD/TND,2.902206,-0.1138,4.3738,low
2026-04-13,USD,USD/TND,2.904632,0.0836,4.2659,low
2026-04-14,USD,USD/TND,2.89722,-0.2552,3.9302,low
2026-04-15,USD,USD/TND,2.885835,-0.393,3.936,low
2026-04-16,USD,USD/TND,2.887541,0.0591,3.9415,low
2026-04-17,USD,USD/TND,2.88722,-0.0111,3.8341,low
2026-04-20,USD,USD/TND,2.886869,-0.0122,3.7401,low
2026-04-21,USD,USD/TND,2.886738,-0.0045,3.7353,low
2026-04-22,USD,USD/TND,2.883689,-0.1056,3.7381,low
2026-04-23,USD,USD/TND,2.890718,0.2438,3.7483,low
2026-04-24,USD,USD/TND,2.892582,0.0645,3.4266,low
2026-04-27,USD,USD/TND,2.889807,-0.0959,3.3785,low
2026-04-28,USD,USD/TND,2.891601,0.0621,3.3961,low
2026-04-29,USD,USD/TND,2.892183,0.0201,3.2867,low
2026-04-30,USD,USD/TND,2.891746,-0.0151,3.1754,low
2026-05-01,USD,USD/TND,2.892439,0.024,3.1671,low
2026-05-04,USD,USD/TND,2.885203,-0.2502,3.216,low
2026-05-05,USD,USD/TND,2.891262,0.21,3.2597,low
2026-05-06,USD,USD/TND,2.886844,-0.1528,3.1771,low
2026-05-07,USD,USD/TND,2.879228,-0.2638,3.2174,low
2026-05-08,USD,USD/TND,2.878973,-0.0089,3.0841,low
2026-05-11,USD,USD/TND,2.878695,-0.0097,2.9204,low
2026-05-12,USD,USD/TND,2.882378,0.1279,2.8806,low
2026-05-13,USD,USD/TND,2.887819,0.1888,2.7675,low
2026-05-14,USD,USD/TND,2.891403,0.1241,2.8121,low
2026-05-15,USD,USD/TND,2.901089,0.335,3.0144,low
2026-05-18,USD,USD/TND,2.906897,0.2002,3.0895,low
2026-05-19,USD,USD/TND,2.903559,-0.1148,3.0997,low
2026-05-20,USD,USD/TND,2.9083,0.1633,2.8744,low
2026-05-21,USD,USD/TND,2.909412,0.0382,2.6242,low
2026-05-22,USD,USD/TND,2.909036,-0.0129,2.6009,low
2026-05-25,USD,USD/TND,2.904426,-0.1585,2.6341,low
2026-05-26,USD,USD/TND,2.901803,-0.0903,2.5369,low
2026-05-27,USD,USD/TND,2.901211,-0.0204,2.241,low
2026-05-28,USD,USD/TND,2.900842,-0.0127,2.2392,low
2026-05-29,USD,USD/TND,2.901819,0.0337,2.2384,low
2026-06-01,USD,USD/TND,2.901244,-0.0198,2.2393,low
2026-06-02,USD,USD/TND,2.907234,0.2065,2.3046,low
2026-06-03,USD,USD/TND,2.909841,0.0897,2.2787,low
2026-06-04,USD,USD/TND,2.91031,0.0161,2.187,low
2026-06-05,USD,USD/TND,2.910561,0.0086,2.1837,low
